dataset,epoch,method,role,n_seeds,amortized_ms_per_record_mean,amortized_ms_per_record_sd,amortized_records_per_second_mean,amortized_records_per_second_sd,auc_ci_high_mean,auc_ci_high_sd,auc_ci_low_mean,auc_ci_low_sd,auc_mean,auc_sd,calibrated_actual_fpr_at_10pct_ci_high_mean,calibrated_actual_fpr_at_10pct_ci_high_sd,calibrated_actual_fpr_at_10pct_ci_low_mean,calibrated_actual_fpr_at_10pct_ci_low_sd,calibrated_actual_fpr_at_10pct_mean,calibrated_actual_fpr_at_10pct_sd,calibrated_actual_fpr_at_1pct_ci_high_mean,calibrated_actual_fpr_at_1pct_ci_high_sd,calibrated_actual_fpr_at_1pct_ci_low_mean,calibrated_actual_fpr_at_1pct_ci_low_sd,calibrated_actual_fpr_at_1pct_mean,calibrated_actual_fpr_at_1pct_sd,calibrated_tpr_at_10pct_ci_high_mean,calibrated_tpr_at_10pct_ci_high_sd,calibrated_tpr_at_10pct_ci_low_mean,calibrated_tpr_at_10pct_ci_low_sd,calibrated_tpr_at_10pct_mean,calibrated_tpr_at_10pct_sd,calibrated_tpr_at_1pct_ci_high_mean,calibrated_tpr_at_1pct_ci_high_sd,calibrated_tpr_at_1pct_ci_low_mean,calibrated_tpr_at_1pct_ci_low_sd,calibrated_tpr_at_1pct_mean,calibrated_tpr_at_1pct_sd,calibration_seconds_mean,calibration_seconds_sd,draft_input_tokens_mean,draft_input_tokens_per_record_mean,draft_input_tokens_per_record_sd,draft_input_tokens_sd,draft_sequences_mean,draft_sequences_per_record_mean,draft_sequences_per_record_sd,draft_sequences_sd,execution_group_seconds_mean,execution_group_seconds_sd,generated_tokens_mean,generated_tokens_per_record_mean,generated_tokens_per_record_sd,generated_tokens_sd,n_calibration_mean,n_calibration_sd,n_test_member_mean,n_test_member_sd,n_test_nonmember_mean,n_test_nonmember_sd,pauc_10_normalized_mean,pauc_10_normalized_sd,pauc_10_raw_mean,pauc_10_raw_sd,peak_allocated_gpu_bytes_mean,peak_allocated_gpu_bytes_sd,preparation_seconds_mean,preparation_seconds_sd,roc_actual_fpr_at_10pct_mean,roc_actual_fpr_at_10pct_sd,roc_actual_fpr_at_1pct_mean,roc_actual_fpr_at_1pct_sd,roc_tpr_at_10pct_fpr_mean,roc_tpr_at_10pct_fpr_sd,roc_tpr_at_1pct_fpr_mean,roc_tpr_at_1pct_fpr_sd,scoring_records_per_second_mean,scoring_records_per_second_sd,target_forward_calls_mean,target_forward_calls_sd,target_input_tokens_mean,target_input_tokens_per_record_mean,target_input_tokens_per_record_sd,target_input_tokens_sd,target_sequences_mean,target_sequences_per_record_mean,target_sequences_per_record_sd,target_sequences_sd,test_seconds_mean,test_seconds_sd,total_seconds_mean,total_seconds_sd
newstection,1,loss,baseline,3,75.02642853942234,1.348188053908421,13.331481847821546,0.23751178332822623,0.6175080645833333,0.00474172505090416,0.5854956916666666,0.004365515175212792,0.6006988333333333,0.00446981406445881,0.11456473970257454,0.02326411952054216,0.08829967539271945,0.02074605814154726,0.10066666666666667,0.02204729764241716,0.01354746956485776,0.011761326443958454,0.006002376547759704,0.007355423308158335,0.008833333333333334,0.009569918146637062,0.17163128902640606,0.030105893677243284,0.1400241679152313,0.027760023185763334,0.15516666666666667,0.028988503468329187,0.024112272833707708,0.009962441913621856,0.01273767779270137,0.007094049008508463,0.017499999999999998,0.00854400374531753,13.98405246816886,0.22841423569384606,0,0.0,0.0,0.0,0,0.0,0.0,0.0,,,0,0.0,0.0,0.0,200,0.0,2000,0.0,2000,0.0,0.0726283333333333,0.0042391938600792305,0.0072628333333333295,0.0004239193860079228,17325886805.333332,231897.75696486013,0.07509454110792528,0.009426941933960356,0.1,0.0,0.01,0.0,0.1505,0.002645751311064593,0.017833333333333333,0.005107184482014853,13.986762910128613,0.25089157292569897,4200,0.0,2236873.6666666665,559.2184166666667,0.4679984196911002,1871.9936787642562,4200,1.05,0.0,0.0,286.0465671484126,5.17473532392921,300.10571415768936,5.392752215633684
newstection,1,min_k_prob,baseline,3,75.61674696582486,1.3362220128457865,13.227315111882495,0.23185942557921382,0.6408926270833334,0.004174778222806834,0.6094635374999999,0.0032596085851163093,0.624278,0.003913021682472508,0.11585724593549564,0.004990325353597928,0.08933602938280875,0.004443187162061013,0.10183333333333333,0.004725815626252605,0.012303497943870334,0.003262456991699737,0.004584793628163804,0.0020190245054792365,0.0075,0.002645751311064591,0.19347644552027432,0.006592582736138422,0.16009849543555044,0.006124002093741878,0.17616666666666667,0.00637050495120547,0.020905364012347796,0.004987647631723089,0.010288783215321716,0.0035011969708430486,0.014666666666666666,0.00425245027405769,14.379202045500278,0.2118989898049276,0,0.0,0.0,0.0,0,0.0,0.0,0.0,,,0,0.0,0.0,0.0,200,0.0,2000,0.0,2000,0.0,0.08029916666666667,0.007807604599576836,0.008029916666666668,0.0007807604599576836,17325886805.333332,231897.75696486013,0.08371209209629644,0.019924367208408664,0.1,0.0,0.01,0.0,0.17816666666666667,0.00908753725347705,0.018333333333333333,0.0037527767497325666,13.89162932567987,0.24639920312789032,4200,0.0,2236873.6666666665,559.2184166666667,0.4679984196911002,1871.9936787642562,4200,1.05,0.0,0.0,288.0040737257029,5.149292037969975,302.46698786329944,5.344888051383146
newstection,1,min_k_pp,baseline,3,75.70564603100259,1.310846027077969,13.211675383457317,0.22705681893062957,0.7466368958333333,0.0073271241931583755,0.7182092479166666,0.005688501599856949,0.7328140833333333,0.007201182413036999,0.1228045185203678,0.028386664967244367,0.09569652950085324,0.025537555793069853,0.1085,0.027013885318480205,0.013183280723235944,0.011652552281031703,0.005701176754235691,0.007470622488797413,0.0085,0.009578622030334008,0.33339804105578236,0.052983674741091426,0.29298624030983317,0.05129729464490651,0.31283333333333335,0.05224062914373575,0.036941777518629274,0.01709234945329385,0.022531386702738066,0.013400902481597959,0.028833333333333332,0.015275252316519466,14.400127570882129,0.20902974830356807,0,0.0,0.0,0.0,0,0.0,0.0,0.0,,,0,0.0,0.0,0.0,200,0.0,2000,0.0,2000,0.0,0.14588416666666668,0.01150884152872625,0.014588416666666668,0.001150884152872625,17325886805.333332,231897.75696486013,0.07136246981099248,0.0008177797420543416,0.1,0.0,0.01,0.0,0.29966666666666664,0.022137825849286426,0.028833333333333332,0.00505799696849784,13.87477951787923,0.2405802972705732,4200,0.0,2236873.6666666665,559.2184166666667,0.4679984196911002,1871.9936787642562,4200,1.05,0.0,0.0,288.35109408331726,5.037025588541801,302.82258412401035,5.243384108311876
newstection,1,recall,baseline,3,378.38755304024863,12.929381798760788,2.6448645303138614,0.09095045489831162,0.672731275,0.004299281230501836,0.6390504354166667,0.004308549554584489,0.6548108333333333,0.004254293877464664,0.11651256328236592,0.021072095315360372,0.09001148930623017,0.018813860505961746,0.10250000000000001,0.019981241202688082,0.018585462646168033,0.00034194655489571936,0.008616352770626492,0.0002342969065300246,0.012666666666666666,0.00028867513459481214,0.15636584406448553,0.02640723548524022,0.1260125129307353,0.0241809394496894,0.1405,0.02534265179494838,0.033182006199261455,0.0013046966210977342,0.019304577353074663,0.0010002772246052458,0.025333333333333333,0.0011547005383792505,72.020031881053,2.3565024924143465,0,0.0,0.0,0.0,0,0.0,0.0,0.0,,,0,0.0,0.0,0.0,200,0.0,2000,0.0,2000,0.0,0.07492583333333336,0.0031570499811269066,0.007492583333333336,0.0003157049981126905,17373587114.666668,21446761.370762285,0.08022088510915637,0.0027295013861705917,0.1,0.0,0.01,0.0,0.14016666666666666,0.02156579081168445,0.021666666666666667,0.0014433756729740636,2.7771682282613868,0.09571063028881105,8400,0.0,13481347.333333334,3370.3368333333333,72.48430133541558,289937.20534166245,8400,2.1,0.0,0.0,1441.4499593948324,49.361055512191776,1513.5502121609945,51.717527195043154
newstection,1,icp_mia,baseline,3,698.301928009411,12.753213150975851,1.432361538820425,0.025973540901514543,0.66887201875,0.008068780753165656,0.6360886395833333,0.00905400639021834,0.65194375,0.009078188761393966,0.12661085029219143,0.03578489363476465,0.09920947271563373,0.03209494555699167,0.11216666666666666,0.034004901607464375,0.011529118056381718,0.006180523965231541,0.004361090562933673,0.003340684182461832,0.007,0.004769696007084728,0.27069785256101453,0.10049314863073949,0.23358761425534108,0.0952301171971546,0.25166666666666665,0.09804888236656924,0.02365018114420608,0.0030599248093559836,0.012201686529484253,0.0022214448297121184,0.017,0.0026457513110645908,132.92812163115013,2.276454110172994,0,0.0,0.0,0.0,0,0.0,0.0,0.0,,,0,0.0,0.0,0.0,200,0.0,2000,0.0,2000,0.0,0.11364583333333335,0.015552761477735518,0.011364583333333336,0.001555276147773552,17408506368,830064.2786483467,0.18401115864980966,0.0049220424357981,0.1,0.0,0.01,0.0,0.22983333333333333,0.014682756326158017,0.0235,0.009260129588726069,1.5040396470812898,0.027365226749754258,25200,0.0,24064259.666666668,6016.064916666667,5.661113386148832,22644.45354459527,25200,6.3,0.0,0.0,2660.095579247844,48.74306350632392,2793.207712037644,51.012852603903404
newstection,1,petal,baseline,3,83.30236598917206,1.3974680375475692,12.006700665773582,0.20026805211125706,0.6081734270833333,0.005977341097798185,0.57492826875,0.006897574193704327,0.5913908333333333,0.007079433824172153,0.12125346726050296,0.022156548833022635,0.09425333190256183,0.019798671898162867,0.107,0.0210178495569837,0.014955406924789676,0.016471476147791184,0.007255993728411115,0.010943075483739198,0.010166666666666666,0.013732564703409677,0.16850428554202762,0.0309709945359589,0.13716267368329732,0.028449302325435223,0.15216666666666667,0.029767151918403838,0.024917099841517618,0.016375634485381645,0.013596322372756039,0.01210822186806229,0.018333333333333333,0.014268263150549663,14.464658551771814,0.18932796493389026,0,0.0,0.0,0.0,0,0.0,0.0,0.0,,,0,0.0,0.0,0.0,200,0.0,2000,0.0,2000,0.0,0.06912666666666668,0.0031595295667762586,0.0069126666666666685,0.0003159529566776255,17325886805.333332,231897.75696486013,29.045678944831405,0.5656226943297131,0.1,0.0,0.01,0.0,0.13966666666666666,0.004041451884327368,0.0205,0.005408326913195984,13.810008780934234,0.23045578052387417,4600,0.0,2449848,612.462,0.29553838583168973,1182.153543326754,4600,1.15,0.0,0.0,289.699126460085,4.865357957519873,333.20946395668824,5.589872150190277
newstection,1,sead,baseline,3,80.2011435731935,1.3953131538947232,12.471147675839392,0.2153383287999612,0.619156775,0.0041110063153067655,0.5881068583333333,0.004294479556403143,0.6035925833333333,0.0033219539838524564,0.11249390287848203,0.013482881171710794,0.08637818040593698,0.01200898548296971,0.09866666666666667,0.012770408502993685,0.014984627162161103,0.0017567753917144928,0.006228690538320938,0.0011244419154142324,0.009666666666666667,0.0014433756729740647,0.1761763374663201,0.017618491296967485,0.14412917173221307,0.016272269303917855,0.1595,0.016977926846349644,0.021713654029073885,0.002437371951756739,0.01081127046888729,0.00171798977050457,0.015333333333333334,0.0020816659994661335,15.260701539033713,0.2049037408637599,0,0.0,0.0,0.0,0,0.0,0.0,0.0,,,0,0.0,0.0,0.0,200,0.0,2000,0.0,2000,0.0,0.07589083333333335,0.0037140210127748832,0.007589083333333336,0.0003714021012774882,17325886805.333332,231897.75696486013,0.08080947247799486,0.011746669537262548,0.1,0.0,0.01,0.0,0.16483333333333333,0.0017559422921421246,0.016,0.0032787192621510004,13.097569515488866,0.22930135425443104,4200,0.0,2236873.6666666665,559.2184166666667,0.4679984196911002,1871.9936787642562,4200,1.05,0.0,0.0,305.4630632812623,5.388484144615615,320.804574292774,5.581252615578893
newstection,1,ws,baseline,3,2113.8454130226846,50.415233992085206,0.4732495391546204,0.011198738897622192,0.51095955,0.015410688383170123,0.4762160552083333,0.012613114355413872,0.49295875,0.01465513044338056,0.11493240671723806,0.020082359871014616,0.08859739701320177,0.017884260943403188,0.101,0.01901972660161023,0.02993325122304272,0.016673474770228618,0.01723022324812674,0.012671657718211974,0.02266666666666667,0.014699773240881417,0.11038124406016889,0.012548391030153518,0.08449850741337514,0.011119738626373322,0.09666666666666666,0.011856784274554938,0.02969139838838386,0.017493306762036764,0.017139381765212687,0.01306259560881095,0.0225,0.015305227865013966,401.67569970832363,9.19236057100427,0,0.0,0.0,0.0,0,0.0,0.0,0.0,,,2140539,535.1347499999999,0.706250088495612,2825.0003539822787,200,0.0,2000,0.0,2000,0.0,0.04982166666666667,0.001336577563530572,0.004982166666666667,0.00013365775635305711,17151284394.666666,3296578.6020038007,5.190136900598493,0.03151250717103809,0.1,0.0,0.01,0.0,0.09516666666666666,0.005008326400438911,0.009666666666666667,0.0015275252316519464,0.49717408780806055,0.011796014772101071,268800,0.0,2364948.3333333335,591.2370833333333,0.4797916431466288,1919.166572586479,8400,2.1,0.0,0.0,8048.5158154818155,192.4723953155804,8455.381652090737,201.66093596834006
newstection,1,rs,baseline,3,2123.4383156614786,44.06995870649495,0.47106940803852837,0.009763476510053756,0.517085246875,0.009997823930777153,0.48206557604166667,0.008743538639547653,0.49992420833333334,0.0082107986872979,0.10806669421255999,0.018371527075718458,0.08248803113253612,0.016332498739002558,0.0945,0.017385338650713712,0.01367198684305742,0.01059889196388977,0.006210553587132959,0.005752519824656235,0.009,0.00818535277187245,0.11002381161815507,0.014110302550790044,0.08419055122024313,0.012528137367277873,0.09633333333333334,0.013344786747390655,0.015951397622854455,0.014320161762297532,0.007923474618210913,0.008733412233526272,0.011,0.011532562594670795,404.98629342388205,7.408999116694763,0,0.0,0.0,0.0,0,0.0,0.0,0.0,,,2143038.6666666665,535.7596666666667,0.9251437838700288,3700.575135480069,200,0.0,2000,0.0,2000,0.0,0.05410458333333335,0.0023478781422453313,0.005410458333333336,0.0002347878142245331,17144871424,639959.8579411055,5.508239994601657,0.06240628259025483,0.1,0.0,0.01,0.0,0.1,0.0024999999999999953,0.012333333333333333,0.003617089069035118,0.49499409068255174,0.010340960726759198,268800,0.0,2365044.3333333335,591.2610833333333,0.4782129712098383,1912.8518848393185,8400,2.1,0.0,0.0,8083.25872922743,169.04454219908882,8493.753262645914,176.27983482597978
newstection,1,bt,baseline,3,3181.810582068613,75.67300153819177,0.3144044168297533,0.007439858486546923,0.524428328125,0.011680391849322503,0.488937665625,0.011188436665088695,0.5077822916666667,0.011785944141973051,0.1403837865208328,0.009198938139752925,0.11138669325767979,0.008326827356747417,0.12516666666666668,0.008779711460710616,0.02160734893555808,0.03410460288161403,0.013911824420559335,0.024095986722386227,0.016833333333333336,0.029156188594076104,0.14121085981539577,0.024624365369632563,0.11222309155098138,0.022370438353310023,0.126,0.023542514733987108,0.017413393202141386,0.026840458466641518,0.01045381084979897,0.018106531524566597,0.013,0.022516660498395406,606.1929170100484,16.431546191608213,0,0.0,0.0,0.0,0,0.0,0.0,0.0,,,2993878.3333333335,748.4695833333334,12.269383216805709,49077.53286722279,200,0.0,2000,0.0,2000,0.0,0.050466666666666694,0.007582197522541437,0.005046666666666669,0.0007582197522541437,17144871424,639959.8579411055,5.869707184843719,0.056674657110305234,0.1,0.0,0.0,0.0,0.104,0.016370705543744903,0.0,0.0,0.330286650787355,0.007765672961759014,403179,32.046840717924134,3507951,876.98775,0.6536973688183135,2614.7894752732964,12600,3.15,0.0,0.0,12115.179704079559,286.30734562121046,12727.242328274451,302.6920061527671
newstection,1,samia,baseline,3,3160.4435971857456,9.515406979672969,0.3164131906209621,0.000952513992903325,0.534495440625,0.005405680297839586,0.5006789072916666,0.0037829700602052506,0.5178977083333334,0.0051491767626809385,0.11496439231784106,0.011648200849659283,0.08856541141259877,0.01037758699898308,0.101,0.011034038245356958,0.007397043713994465,0.002128338777315475,0.0018392785538626133,0.0010801961060792425,0.0036666666666666666,0.001607275126832159,0.12022392252653807,0.01660646568449041,0.09328671073108923,0.014845072775698933,0.106,0.01575595125658873,0.007839426161604093,0.0022681397369171187,0.002062284741398817,0.001189321031637352,0.004,0.0017320508075688774,601.168782133221,1.6925095364124476,0,0.0,0.0,0.0,0,0.0,0.0,0.0,,,10190842.666666666,2547.7106666666664,39.94469076605608,159778.7630642237,200,0.0,2000,0.0,2000,0.0,0.05136833333333334,0.0007436568569127303,0.005136833333333334,7.436568569127283e-05,24010170368,7449138.710666623,2.893475318172326,0.08109703269872504,0.1,0.0,0.01,0.0,0.10766666666666666,0.0022546248764114493,0.009333333333333334,0.0016072751268321596,0.33229107253634116,0.001002500256895713,134400,0.0,11883570,2970.8925,2.411322251380013,9645.28900551974,42000,10.5,0.0,0.0,12037.71213129159,36.32172719614718,12641.774388742982,38.061627918691904
newstection,1,draft_auxiliary_distilled,main,3,445.2956076786019,9.949697277658101,2.24645369997297,0.05065177211296629,0.9043045583333333,0.0007479496469602975,0.88424689375,0.0026123440692475235,0.8945211666666667,0.001367509331168673,0.09057187581642395,0.006291867665213102,0.06704611208895352,0.005475360172784925,0.078,0.005894913061275803,0.01574344703023864,0.004994809529525959,0.006800647940535064,0.0033161889270395296,0.010333333333333333,0.004163331998932265,0.6609091077772339,0.011885996625211368,0.6188868133015881,0.01219932657307986,0.6401666666666667,0.012065791865158824,0.3074482907797241,0.05420812078245473,0.2680337599972354,0.0521210115516954,0.28733333333333333,0.05326662494783513,76.80871671868954,1.7231380254659474,2449848,612.462,0.29553838583168973,1182.153543326754,4600,1.15,0.0,0.0,1781.1824307144077,39.798789110632406,0,0.0,0.0,0.0,200,0.0,2000,0.0,2000,0.0,0.5113341666666664,0.009060226726375683,0.051133416666666646,0.0009060226726375689,21481462613.333332,1556697.3602615679,164.0284613762827,3.1187701542615645,0.1,0.0,0.01,0.0,0.6975,0.009096702699330085,0.2798333333333333,0.021571586249817903,2.59773090626294,0.05983134064952862,4600,0.0,2449848,612.462,0.29553838583168973,1182.153543326754,4600,1.15,0.0,0.0,1540.3452526194353,35.16224282660521,1781.1824307144077,39.798789110632406
newstection,1,draft_member_sft,main,3,430.8982614198467,5.608964160579802,2.3209948346210654,0.03012366085512403,0.8349016708333333,0.003793831255216811,0.8105773187499999,0.005775337269991166,0.8229920000000001,0.0037122217656680567,0.10149425956242826,0.023831359134364356,0.07675077603246999,0.02104184000687273,0.08833333333333333,0.022479620400116487,0.019220626890621928,0.009710736646852106,0.009311965796464258,0.0067617083589467395,0.013333333333333332,0.008251262529657709,0.5101606164553836,0.052637511623464264,0.4665507813145122,0.05256607454502218,0.48833333333333334,0.05270278297522184,0.17098042518135087,0.07149611711522005,0.1400096431251407,0.0658000359686558,0.15483333333333332,0.06877923620783626,74.17452595328602,1.235224421199846,2449848,612.462,0.29553838583168973,1182.153543326754,4600,1.15,0.0,0.0,1723.5930456793867,22.43585664231921,0,0.0,0.0,0.0,200,0.0,2000,0.0,2000,0.0,0.33923583333333335,0.003050714397208205,0.03392358333333334,0.00030507143972082255,21481462613.333332,1556697.3602615679,159.28840762962741,3.143842834700916,0.1,0.0,0.01,0.0,0.5221666666666667,0.002843120351538643,0.13216666666666665,0.01444241438725995,2.68459800308979,0.03282722303910283,4600,0.0,2449848,612.462,0.29553838583168973,1182.153543326754,4600,1.15,0.0,0.0,1490.1301120964733,18.292603017949123,1723.5930456793867,22.43585664231921
newstection,3,loss,baseline,3,76.08916077174945,2.1561101793321704,13.149485584667735,0.37107746282441895,0.8479621875,0.002909675919138435,0.8247413625,0.0019814182756712415,0.83639625,0.0015913209332186558,0.11756128073840316,0.021790407729195604,0.0909589377556304,0.01934952455822016,0.1035,0.020609463845524947,0.012530284961775369,0.007141505027612823,0.005023395245404601,0.0039889578896035675,0.007833333333333333,0.005575242894559244,0.513452258228386,0.06385763575686954,0.4699130258929681,0.06357038964793983,0.49166666666666664,0.06383637938772323,0.06347259838179924,0.013073053882694344,0.043908547570067964,0.01088787197852132,0.05283333333333333,0.012003471720020559,14.146874426282011,0.32427159536675304,0,0.0,0.0,0.0,0,0.0,0.0,0.0,,,0,0.0,0.0,0.0,200,0.0,2000,0.0,2000,0.0,0.22402083333333342,0.011073536679098241,0.022402083333333343,0.0011073536679098237,17325886805.333332,231897.75696486013,0.06939523038454354,0.002804298015906906,0.1,0.0,0.01,0.0,0.49,0.009643650760992963,0.057833333333333334,0.0017559422921421214,13.793923647859144,0.3929976856034662,4200,0.0,2236873.6666666665,559.2184166666667,0.4679984196911002,1871.9936787642562,4200,1.05,0.0,0.0,290.14037343033124,8.299423706645404,304.3566430869978,8.624440717328682
newstection,3,min_k_prob,baseline,3,76.70722218668864,2.193130704803153,13.043660125509925,0.371389900990158,0.8894169791666666,0.002305989349111634,0.8694920979166667,0.0006105862309959194,0.87963275,0.0018077294633047608,0.10876265181007358,0.019591129625064277,0.08312285080531419,0.017274956535108684,0.09516666666666666,0.01846844155128779,0.00932497564597052,0.0035606857080662823,0.0029055954800428,0.0019378032019027032,0.005166666666666667,0.0027537852736430513,0.6303357567273877,0.06917682286736968,0.587911715600445,0.07030268534269866,0.6093333333333334,0.06987369557518289,0.06566746869423543,0.009281701157296231,0.04570600906850675,0.007783282805947738,0.05483333333333333,0.00854887906882144,14.578380890889093,0.37500211065584294,0,0.0,0.0,0.0,0,0.0,0.0,0.0,,,0,0.0,0.0,0.0,200,0.0,2000,0.0,2000,0.0,0.3151166666666667,0.020389739198511916,0.031511666666666674,0.0020389739198511917,17325886805.333332,231897.75696486013,0.06981968902982771,0.001396433544495371,0.1,0.0,0.01,0.0,0.6393333333333333,0.014056433876817162,0.06616666666666667,0.005251983752196241,13.697674265510535,0.3921944018701111,4200,0.0,2236873.6666666665,559.2184166666667,0.4679984196911002,1871.9936787642562,4200,1.05,0.0,0.0,292.18068816683564,8.399571503761898,306.82888874675456,8.772522819212613
newstection,3,min_k_pp,baseline,3,76.82404668824165,2.2146187631171714,13.023939965664084,0.37377263289180573,0.9870037916666666,0.0006837228982955127,0.97978879375,0.0004828764399812886,0.9835379166666667,0.00010303225627606629,0.12990432064357801,0.04202535212869347,0.10223719439813256,0.03798562373991376,0.11533333333333334,0.04008220719138772,0.01250214866794952,0.008577240684558488,0.005051531539230452,0.005270655143048061,0.007833333333333333,0.006934214687571574,0.9910182480215284,0.006648732590587569,0.9814472422441041,0.01024262446403564,0.9871666666666666,0.008460693430998076,0.46318680423573777,0.22014514785638067,0.42269904483675214,0.2182983893805202,0.4428333333333333,0.2196390979159524,14.624656609647596,0.363711335242994,0,0.0,0.0,0.0,0,0.0,0.0,0.0,,,0,0.0,0.0,0.0,200,0.0,2000,0.0,2000,0.0,0.8500275,0.003418289959906411,0.08500275,0.0003418289959906422,17325886805.333332,231897.75696486013,0.07135509940174718,0.002963995465414243,0.1,0.0,0.01,0.0,0.9846666666666667,0.001755942292142151,0.5793333333333334,0.05187565260633679,13.678178166744043,0.3952027705274451,4200,0.0,2236873.6666666665,559.2184166666667,0.4679984196911002,1871.9936787642562,4200,1.05,0.0,0.0,292.60017504391726,8.49291286618685,307.2961867529666,8.858475052468686
newstection,3,recall,baseline,3,382.8507471442572,17.985350955996033,2.615824307479481,0.12266885585601706,0.9294599166666667,0.00620653740785406,0.9129647020833334,0.008368042729451497,0.9211611666666667,0.007685317321577116,0.1125135151165203,0.004238631512704144,0.08635856816789872,0.003766799366072265,0.09866666666666667,0.004010403138505318,0.01779128939693374,0.010440668776829589,0.008412443067142037,0.007144262032451684,0.012166666666666666,0.00880814017448254,0.7263258602699851,0.03402068949914022,0.6865477878380032,0.0353466966708414,0.7068333333333333,0.03475029975889894,0.18863151674739512,0.09300994234432973,0.1566260662691068,0.08656594938171111,0.17200000000000001,0.08995971320541213,72.12652358952134,3.5759217480729837,0,0.0,0.0,0.0,0,0.0,0.0,0.0,,,0,0.0,0.0,0.0,200,0.0,2000,0.0,2000,0.0,0.4193749999999999,0.05238060894787309,0.041937499999999996,0.0052380608947873095,17373587114.666668,21446761.370762285,0.07451815499613683,0.007746301882779894,0.1,0.0,0.01,0.0,0.7141666666666666,0.02398089517372804,0.16583333333333333,0.054503058018182185,2.745269473471037,0.1290716382343784,8400,0.0,13481347.333333334,3370.3368333333333,72.48430133541558,289937.20534166245,8400,2.1,0.0,0.0,1459.2019468325113,68.62161318780923,1531.4029885770287,71.94140382398413
newstection,3,icp_mia,baseline,3,707.214017515808,22.561592022597345,1.414947962523842,0.04461788148331339,0.9239017604166666,0.006125277049245421,0.9042259687499999,0.006561161288071336,0.9143518333333334,0.006384954651039671,0.10804675742516513,0.0214073207689151,0.082507967919931,0.018876244861439417,0.0945,0.02018043607061057,0.015602868031741629,0.008389991941021285,0.006941226939032078,0.005237315772983321,0.010333333333333333,0.006825198409814424,0.7975714027256433,0.0810186497565124,0.7620204394320008,0.08588724790541193,0.7803333333333333,0.08361269839763179,0.17224543795473862,0.079890351933063,0.14140618489233628,0.07309658999444299,0.15616666666666668,0.07663930671224352,134.6645096495049,4.081628460792886,0,0.0,0.0,0.0,0,0.0,0.0,0.0,,,0,0.0,0.0,0.0,200,0.0,2000,0.0,2000,0.0,0.5214566666666669,0.020487649989282403,0.052145666666666694,0.0020487649989282407,17408506368,830064.2786483467,0.17000375020628175,0.007102141057597784,0.1,0.0,0.01,0.0,0.7966666666666666,0.036028923566120225,0.17566666666666667,0.035952514979251914,1.4857707536912395,0.04697642522631418,25200,0.0,24064152.333333332,6016.038083333334,5.694727146302544,22778.90858520955,25200,6.3,0.0,0.0,2694.021556663521,86.17232836241864,2828.856070063232,90.24636809038938
newstection,3,petal,baseline,3,84.26213594216581,2.507558556772687,11.874666032196693,0.34980965120500496,0.82679103125,0.003411436517476697,0.80328411875,0.004443604345331849,0.8154505000000001,0.0033615758860242925,0.12754869285355064,0.02608691308901418,0.09993510174213911,0.023305596215027778,0.113,0.02474368606331724,0.014638164762787963,0.012298322712453586,0.006575152937694078,0.008164518762265718,0.009666666666666665,0.010251016209787852,0.4598375993180511,0.07570928684222691,0.41673280886239705,0.07459199229840598,0.43816666666666665,0.07529497548530933,0.07193137983128918,0.01698167726138391,0.05108639904650506,0.014522633552000404,0.06066666666666667,0.01578237413488013,14.639331264149709,0.38774131959795094,0,0.0,0.0,0.0,0,0.0,0.0,0.0,,,0,0.0,0.0,0.0,200,0.0,2000,0.0,2000,0.0,0.1935108333333333,0.008618393242555937,0.01935108333333333,0.0008618393242555935,17325886805.333332,231897.75696486013,29.370574120238114,0.9364639575614218,0.1,0.0,0.01,0.0,0.413,0.014177446878757806,0.06316666666666668,0.004163331998932265,13.658054911388254,0.4021364193561934,4600,0.0,2449848,612.462,0.29553838583168973,1182.153543326754,4600,1.15,0.0,0.0,293.03863838427543,8.721000382697193,337.04854376866325,10.030234227090748
newstection,3,sead,baseline,3,80.94773855476524,2.075067718280224,12.359021796846067,0.3143748646291692,0.8578302854166666,0.001821256556443344,0.8343959958333333,0.0012820210621370507,0.8459266666666666,0.0010066393449658668,0.10597041820179694,0.012233306803759576,0.08059197533242421,0.010787611065958314,0.0925,0.011532562594670798,0.009747489664769366,0.00396856780313085,0.0031484700963897833,0.0022652763336288434,0.0055,0.0031224989991991987,0.5180166929675958,0.040831999141909374,0.47433133772822705,0.04072019394674122,0.49616666666666664,0.040854416325941216,0.05569860490536407,0.00792536887804195,0.037376685390867755,0.006549747295448335,0.04566666666666667,0.00725143663926903,15.404417610843666,0.34244398148455296,0,0.0,0.0,0.0,0,0.0,0.0,0.0,,,0,0.0,0.0,0.0,200,0.0,2000,0.0,2000,0.0,0.24992999999999993,0.012288238533247928,0.024992999999999994,0.0012288238533247925,17325886805.333332,231897.75696486013,0.06659132203397651,0.00019753445097796355,0.1,0.0,0.01,0.0,0.531,0.013000000000000012,0.054,0.0036055512754639887,12.979256010432204,0.33242858769480566,4200,0.0,2236873.6666666665,559.2184166666667,0.4679984196911002,1871.9936787642562,4200,1.05,0.0,0.0,308.3199452861833,7.958001141342501,323.79095421906095,8.300270873120896
newstection,3,ws,baseline,3,2119.5229837742518,81.39715677508484,0.47225893542338426,0.017758975764009064,0.519128534375,0.008770493861978245,0.48339113854166665,0.00780213622946862,0.5017166666666667,0.009257318247214397,0.1279490175021814,0.015591670359482654,0.10020016572865417,0.01402189076415782,0.11333333333333334,0.014835205874315777,0.017213075158333733,0.010068743510150512,0.007992574353023299,0.006937800358366287,0.011666666666666665,0.008519585279421371,0.12849066074351742,0.0093441437123444,0.10065660544003692,0.008407527256194657,0.11383333333333333,0.008892881047969401,0.017846050075618757,0.008408470282190892,0.008357682388457023,0.0055788256801673234,0.012166666666666666,0.0070059498523279,402.32477892651997,15.341781110669304,0,0.0,0.0,0.0,0,0.0,0.0,0.0,,,2126562.6666666665,531.6406666666667,1.7064846236732902,6825.938494693117,200,0.0,2000,0.0,2000,0.0,0.050138333333333326,0.001751028864220509,0.005013833333333333,0.00017510288642205097,17151284394.666666,3296578.6020038007,5.152120192108366,0.06738065683236846,0.1,0.0,0.01,0.0,0.103,0.006499999999999998,0.011833333333333333,0.0023629078131263046,0.4961036451773216,0.018672597777931448,268800,0.0,2364948.3333333335,591.2370833333333,0.4797916431466288,1919.166572586479,8400,2.1,0.0,0.0,8070.615035978379,310.2100535954066,8478.091935097007,325.58862710033935
newstection,3,rs,baseline,3,2133.595828489905,86.10273479437477,0.46919588958026726,0.018720865571186938,0.5342527572916667,0.013208282504211449,0.49820263125,0.012461336040448011,0.5156182083333334,0.012610373042492979,0.11565047324669286,0.017141623629375883,0.08921010775403862,0.015312723566052736,0.10166666666666667,0.016258331197676265,0.021742912803809654,0.010864438315705896,0.011114706011724438,0.007622918246563841,0.0155,0.009260129588726069,0.12196116452670643,0.021114819473467158,0.09487641190665001,0.01887507096187832,0.10766666666666666,0.02003330560175563,0.023139706295225333,0.014746825368187846,0.012379467060892085,0.01023802013946877,0.016833333333333336,0.01251332622979731,406.4613962079554,16.29267793470735,0,0.0,0.0,0.0,0,0.0,0.0,0.0,,,2127710.3333333335,531.9275833333334,2.2920674391983598,9168.269756793445,200,0.0,2000,0.0,2000,0.0,0.05362291666666664,0.006146468540620173,0.0053622916666666645,0.0006146468540620174,17144871424,639959.8579411055,5.56927153293509,0.18366937779227066,0.1,0.0,0.01,0.0,0.1,0.010037429949942367,0.012333333333333333,0.0014433756729740647,0.49299775325790496,0.019678192590938493,268800,0.0,2365044.3333333335,591.2610833333333,0.4782129712098383,1912.8518848393185,8400,2.1,0.0,0.0,8122.352646218729,327.9627457405464,8534.383313959619,344.4109391774981
newstection,3,bt,baseline,3,3490.8085608014276,528.4844974256571,0.29062941067228143,0.0413112639626019,0.530219946875,0.005441131250064606,0.4967607572916667,0.006036826946608129,0.5136040833333334,0.004970590335811046,0.10219666678628013,0.023584988799479668,0.07737914607890978,0.020635842372334897,0.089,0.02215287791687572,0.006005378421372946,0.007081197252853855,0.0019001665761924692,0.0032911850528095543,0.0029999999999999996,0.005196152422706632,0.11370639717446455,0.018230307845060374,0.08749454633296486,0.016146856186252972,0.09983333333333333,0.01722159497065627,0.008193623375270728,0.01087134869241103,0.00337155911559676,0.005839711688935578,0.004833333333333334,0.008371578903249573,652.3674029037356,82.82388127829806,0,0.0,0.0,0.0,0,0.0,0.0,0.0,,,2954069.6666666665,738.5174166666667,6.718285241289908,26873.140965159495,200,0.0,2000,0.0,2000,0.0,0.059683750000000015,0.00427452793446245,0.0059683750000000015,0.00042745279344624494,17144871424,639959.8579411055,5.783425723086111,0.1351204568089439,0.1,0.0,0.01,0.0,0.11333333333333333,0.008736894948054104,0.014333333333333333,0.001258305739211792,0.30507597771316136,0.04368621491114381,403132.6666666667,29.160475533388226,3507653.6666666665,876.9134166666666,0.7401132655434352,2960.4530621736485,12600,3.15,0.0,0.0,13305.083414578889,2031.1572683898598,13963.23424320571,2113.937989702629
newstection,3,samia,baseline,3,4032.4518726281626,1473.4240445557457,0.2676720546078602,0.0808169414128684,0.5795123843750001,0.0024083572739675213,0.5465008989583333,0.0023673733093872696,0.5626370416666666,0.0023482798768903962,0.11126780240420038,0.010920040744261377,0.08527542065720822,0.009704337670918486,0.0975,0.010331989159885913,0.019781739822698548,0.014049247711883317,0.010081630134679302,0.009431556449722003,0.014,0.011757976016304846,0.15726677348044918,0.01704559461898507,0.1267750551026362,0.015607641407235378,0.14133333333333334,0.01635797460975329,0.019832091099430266,0.01314148906515011,0.010031278857947586,0.008823956018904336,0.014,0.011000000000000001,775.5943475308983,295.03225684686845,0,0.0,0.0,0.0,0,0.0,0.0,0.0,,,10314483.333333334,2578.6208333333334,8.278404165105323,33113.616660421336,200,0.0,2000,0.0,2000,0.0,0.06596833333333334,0.0034964286094289736,0.006596833333333333,0.00034964286094289727,24010170368,7449138.710666623,2.9574623360919454,0.08694674129451571,0.1,0.0,0.01,0.0,0.14316666666666666,0.005107184482014849,0.013,0.0021794494717703367,0.281170717686445,0.08476074118331615,134400,0.0,11883570,2970.8925,2.411322251380013,9645.28900551974,42000,10.5,0.0,0.0,15351.255680645661,5598.671578872567,16129.80749051265,5893.696178222985
newstection,3,draft_auxiliary_distilled,main,3,431.0710569436681,6.779759839966468,2.320182399282929,0.03616929573894961,0.9996538833333334,0.00011384992423097844,0.9988740708333333,0.0002759052042491434,0.9993285,0.00014823144909226343,0.09447076838857214,0.010008738142353986,0.07046649450340947,0.008778920826540864,0.08166666666666667,0.009411871935663667,0.015319512505758665,0.011251660483710325,0.006891888147442125,0.007536670728032249,0.010166666666666668,0.009411871935663667,0.999970577423098,5.096139808349717e-05,0.9977796809780759,0.0005252820633421206,0.9998333333333334,0.0002886751345947811,0.9800586459365683,0.01903853021385201,0.9677874648286684,0.0265022726750888,0.9748333333333333,0.022805335632990267,74.56878152691449,1.723077796267157,2449848,612.462,0.29553838583168973,1182.153543326754,4600,1.15,0.0,0.0,1724.2842277746724,27.119039359865873,0,0.0,0.0,0.0,200,0.0,2000,0.0,2000,0.0,0.993316666666668,0.0014614725735814635,0.0993316666666668,0.00014614725735814636,21481462613.333332,1556697.3602615679,157.83107602289724,4.331217423671933,0.1,0.0,0.01,0.0,0.9998333333333334,0.0002886751345947811,0.9888333333333333,0.0020816659994661348,2.681528027707937,0.037640987197887284,4600,0.0,2449848,612.462,0.29553838583168973,1182.153543326754,4600,1.15,0.0,0.0,1491.8843702248607,21.110762296636445,1724.2842277746724,27.119039359865873
newstection,3,draft_member_sft,main,3,441.0161071693001,16.278028162206304,2.269510384003084,0.08207196327653074,0.9988340437500001,0.00011989784861098695,0.9971377625,0.00034979242633804915,0.998061,0.00020510866022673392,0.10857939573795906,0.020890013794716056,0.0829734125598558,0.018429953625318553,0.095,0.019697715603592212,0.013342296712831507,0.002889011321800607,0.005209466447067209,0.0018278221783539217,0.008333333333333333,0.002362907813126304,0.999585051936725,0.0005658269338437681,0.9961690405590116,0.0017391469118590876,0.9988333333333334,0.0011547005383792525,0.9488753487309449,0.029083847719228728,0.9284395667088338,0.033970211545627065,0.9395,0.03158718094417416,75.84106584750891,2.731401767768285,2449848,612.462,0.29553838583168973,1182.153543326754,4600,1.15,0.0,0.0,1764.0644286772003,65.11211264882522,0,0.0,0.0,0.0,200,0.0,2000,0.0,2000,0.0,0.9814175000000017,0.0015603665434777807,0.09814175000000017,0.00015603665434777577,21481462613.333332,1556697.3602615679,160.5237978689062,5.679574320610178,0.1,0.0,0.01,0.0,0.9988333333333334,0.0007637626158259982,0.9693333333333334,0.007653975002136679,2.6206854811306917,0.09550882036939559,4600,0.0,2449848,612.462,0.29553838583168973,1182.153543326754,4600,1.15,0.0,0.0,1527.6995649607852,56.854846041559384,1764.0644286772003,65.11211264882522
wikitection,1,loss,baseline,3,73.92617347467846,0.16679577812255705,13.527054668144812,0.030486378639927196,0.5993000104166667,0.009936706232855032,0.56624778125,0.010467782158821015,0.5836901666666666,0.009580039014577829,0.11777945352316341,0.011376188728993103,0.09107345928844307,0.010130902531164191,0.10366666666666667,0.010774197572595992,0.02363510060547991,0.013935586971752567,0.012549461385783334,0.010233134298038375,0.017166666666666667,0.012107160415776001,0.18379258899284825,0.015600307784891134,0.15115147017889324,0.014430780221683061,0.16683333333333333,0.015044378795195676,0.033579883162058545,0.023111834157008855,0.020237477660569235,0.018029640837894816,0.026000000000000002,0.02060946384552495,13.986318921437487,0.023218647334741514,0,0.0,0.0,0.0,0,0.0,0.0,0.0,,,0,0.0,0.0,0.0,200,0.0,2000,0.0,2000,0.0,0.08446750000000003,0.004706487543805844,0.008446750000000003,0.00047064875438058393,17326039722.666668,34106.01573525312,0.09193312760908157,0.038392881871119784,0.1,0.0,0.01,0.0,0.16383333333333333,0.005299371031861553,0.014,0.0005000000000000004,14.203258553313374,0.031544974895747674,4200,0.0,2154196.3333333335,538.5490833333333,0.09445644940043744,377.8257976016637,4200,1.05,0.0,0.0,281.6264418496673,0.6262031907669348,295.70469389871386,0.6671831124902282
wikitection,1,min_k_prob,baseline,3,74.43053264655948,0.09415739923322893,13.435360873371417,0.016983855585718688,0.6213754,0.009571076532587966,0.5868970979166667,0.009594703255754636,0.6063586666666667,0.008668755628452839,0.12639583757137,0.0026468382408595392,0.09875909680130936,0.0023767359323688423,0.11183333333333334,0.0025166114784235857,0.021202018430200403,0.00979087094399812,0.010657517432614942,0.007000196399121129,0.015000000000000001,0.008411301920630361,0.21758051263754144,0.006459170157117106,0.18257163277849153,0.006046773970577072,0.1995,0.006264982043070826,0.03179913049019626,0.018398280388775702,0.01869128715670236,0.01413474634865078,0.024333333333333335,0.016296727687892847,14.313620167357536,0.013370793410592602,0,0.0,0.0,0.0,0,0.0,0.0,0.0,,,0,0.0,0.0,0.0,200,0.0,2000,0.0,2000,0.0,0.09159249999999997,0.00505884188821911,0.009159249999999997,0.0005058841888219111,17326039722.666668,34106.01573525312,0.08534745635309567,0.005339423307397091,0.1,0.0,0.01,0.0,0.176,0.005499999999999991,0.014333333333333333,0.0010408329997330663,14.118171546150455,0.019358616432731714,4200,0.0,2154196.3333333335,538.5490833333333,0.09445644940043744,377.8257976016637,4200,1.05,0.0,0.0,283.3231629625273,0.3887960887472964,297.72213058623794,0.3766295969329157
wikitection,1,min_k_pp,baseline,3,74.53794983547414,0.08972645673827374,13.415997724886752,0.016139227601519965,0.7080910791666667,0.007257224357752937,0.6744137041666667,0.008792497247763428,0.6913633333333333,0.009375727812859821,0.12234394659858253,0.01292297905978748,0.09515901846991977,0.01158601742013022,0.108,0.012278029157808672,0.0222094744334862,0.008769713332906468,0.011313533017193723,0.006345193940777731,0.015833333333333335,0.007571877794400365,0.2830643973833628,0.017456320610564853,0.24450967166309684,0.01667364170651682,0.2633333333333333,0.017097758137642863,0.048442238302622107,0.01943144075105335,0.031657973608266006,0.015889543393008868,0.03916666666666667,0.017694160995462126,14.334261172412274,0.018968033709667983,0,0.0,0.0,0.0,0,0.0,0.0,0.0,,,0,0.0,0.0,0.0,200,0.0,2000,0.0,2000,0.0,0.12693249999999992,0.009302360923442974,0.012693249999999993,0.0009302360923442971,17326039722.666668,34106.01573525312,0.08161621626156072,0.025067983463121002,0.1,0.0,0.01,0.0,0.24983333333333332,0.010912531023247244,0.030166666666666668,0.005131601439446885,14.097630141765721,0.01744386788952957,4200,0.0,2154196.3333333335,538.5490833333333,0.09445644940043744,377.8257976016637,4200,1.05,0.0,0.0,283.7359219532227,0.35132370495041837,298.15179934189655,0.358905826953095
wikitection,1,recall,baseline,3,380.32240391217056,9.525423838873031,2.630464159046552,0.06684003865625686,0.69193094375,0.01937402847146468,0.6599167666666667,0.018751204629788878,0.6769275,0.018794435757359142,0.11496237627609018,0.012190174253852134,0.08856742745434963,0.010830741592921857,0.10099999999999999,0.011532562594670798,0.02088617594250745,0.012766558006838949,0.010640665602734977,0.00892948434024459,0.014833333333333334,0.010866615541802025,0.237638177341284,0.018249946111058284,0.2014392032307801,0.01719255137471915,0.219,0.017755280904564692,0.037546151147038166,0.020384866454918178,0.02325779034462084,0.015338017704206728,0.0295,0.01789553016817328,72.72460163675714,1.7350187000461013,0,0.0,0.0,0.0,0,0.0,0.0,0.0,,,0,0.0,0.0,0.0,200,0.0,2000,0.0,2000,0.0,0.10861999999999998,0.010855310048543093,0.010861999999999998,0.0010855310048543093,17369545728,30281032.44974213,0.08580398582853377,0.014335634182532283,0.1,0.0,0.01,0.0,0.218,0.016178689687363433,0.014666666666666666,0.006788470618138766,2.7626945732690356,0.07036297851421276,8400,0.0,13282392.666666666,3320.5981666666667,104.29055656234334,417162.22624937334,8400,2.1,0.0,0.0,1448.4792100260966,36.36122723641125,1521.2896156486822,38.101695355492126
wikitection,1,icp_mia,baseline,3,692.8341801240846,1.694491522687026,1.443352557130022,0.003528096020107026,0.6815358145833333,0.01088954405910761,0.6481059770833333,0.012392471219115856,0.6643289166666666,0.01215783327307267,0.09217159760272546,0.03492288808303603,0.06877333347838116,0.03071077112456051,0.07966666666666666,0.03287983171084263,0.011381953898676956,0.005791734934835616,0.00417556040306552,0.003483942283663269,0.006833333333333334,0.004645786621588785,0.26061774340161836,0.053469456518589795,0.22337337004278934,0.05086252506249223,0.2415,0.05226614583073826,0.027948000717796084,0.012000471666512056,0.015555836260071305,0.009085698347812832,0.020833333333333336,0.01056330125166055,132.9656249866821,1.1041691342511308,0,0.0,0.0,0.0,0,0.0,0.0,0.0,,,0,0.0,0.0,0.0,200,0.0,2000,0.0,2000,0.0,0.16353749999999997,0.015257982951556906,0.016353749999999997,0.001525798295155691,17408970581.333332,26333.595678018097,0.18692586093675345,0.01447042904964443,0.1,0.0,0.01,0.0,0.29,0.017255433926737385,0.033666666666666664,0.005008326400438905,1.5161992642289142,0.003334015968826895,25200,0.0,23220581,5805.1452500000005,17.640875887055664,70563.50354822243,25200,6.3,0.0,0.0,2638.1841696487195,5.802431051001794,2771.3367204963383,6.777966090748104
wikitection,1,petal,baseline,3,81.94882869167486,0.01795007063901593,12.202737341739816,0.0026730596973281854,0.58983699375,0.010011798571769221,0.5573503895833334,0.011158660244686194,0.5740229166666667,0.011082879314322343,0.13684220083699436,0.02462055617296581,0.10827439259005991,0.0223035536195987,0.12183333333333334,0.023507091128706956,0.02278140235141031,0.015722439774406186,0.012072382369561274,0.011448579011573456,0.0165,0.0136106575888162,0.19601057983145886,0.03006152904805456,0.16255477588795963,0.027873208115035342,0.17866666666666667,0.029022979401386984,0.031247526105168857,0.0243716311653271,0.018577502906583932,0.018892934681120854,0.024,0.021673716801693246,14.399613714156052,0.03134931325324057,0,0.0,0.0,0.0,0,0.0,0.0,0.0,,,0,0.0,0.0,0.0,200,0.0,2000,0.0,2000,0.0,0.08112916666666665,0.003018888799431575,0.008112916666666666,0.00030188887994315805,17326039722.666668,34106.01573525312,28.551650265270535,0.12828472553890888,0.1,0.0,0.01,0.0,0.15016666666666667,0.005965176722724432,0.013000000000000001,0.0008660254037844384,14.042775406132819,0.008730461834219891,4600,0.0,2358686.3333333335,589.6715833333333,0.24304350605051459,972.1740242021144,4600,1.15,0.0,0.0,284.84405078727286,0.17713475201554219,327.79531476669945,0.07180028255606372
wikitection,1,sead,baseline,3,79.08994026316213,0.2950917721300121,12.643950178330849,0.04709196741992841,0.6041609083333334,0.009462139300713466,0.57061345,0.009113634593823009,0.5890208333333333,0.008569585558580627,0.10188833981101224,0.016231746990920445,0.07702208441903183,0.014260239012316397,0.08866666666666666,0.015275252316519466,0.026706204616558073,0.01445054663173564,0.014801466455871826,0.010610845141880114,0.019833333333333335,0.0125532200384337,0.17166234251721507,0.021022707375563537,0.13999311442442233,0.019314365242480504,0.15516666666666667,0.020207259421636894,0.040916957241062604,0.0229649455189278,0.025875481966908875,0.018105572868707575,0.0325,0.020573040611440982,15.19909559407582,0.03391365016235241,0,0.0,0.0,0.0,0,0.0,0.0,0.0,,,0,0.0,0.0,0.0,200,0.0,2000,0.0,2000,0.0,0.0906875,0.006362088886521436,0.00906875,0.0006362088886521437,17326039722.666668,34106.01573525312,0.0791532329749316,0.014459837337193936,0.1,0.0,0.01,0.0,0.17483333333333334,0.01606497224813455,0.014666666666666666,0.0007637626158259731,13.285574686387214,0.05199539166053805,4200,0.0,2154196.3333333335,538.5490833333333,0.09445644940043744,377.8257976016637,4200,1.05,0.0,0.0,301.0815122255978,1.180414358550503,316.35976105264854,1.1803670885200483
wikitection,1,ws,baseline,3,2275.963436203417,239.15368628257937,0.4425048833019683,0.04473419084086575,0.5241907583333334,0.015404024844109883,0.4900561177083333,0.017043780109350225,0.5066706249999999,0.01756616667640169,0.10263264676370042,0.0027225813538836693,0.0776085547366353,0.002399182750334473,0.08933333333333333,0.0025658007197234445,0.012401818869368737,0.0181601570963712,0.006482638608102894,0.0112282594363418,0.008499999999999999,0.014722431864335457,0.1043112476649855,0.025058997006844018,0.07925689701107938,0.022010048116440913,0.091,0.02357965224510319,0.012025192081613591,0.017507820364487826,0.006193876760712213,0.01072810924537369,0.008166666666666668,0.014145081595145832,434.6288349572569,47.6677315541925,0,0.0,0.0,0.0,0,0.0,0.0,0.0,,,1992728,498.182,2.520681691031227,10082.72676412487,200,0.0,2000,0.0,2000,0.0,0.051462499999999994,0.01586362899843538,0.00514625,0.001586362899843538,17184930816,12806035.845377289,4.842152516357601,0.5661326220837526,0.1,0.0,0.0,0.0,0.09966666666666667,0.025006665778014744,0.0,0.0,0.4649352061322867,0.04690529988978931,268798.3333333333,2.0816659994661326,2293989,573.49725,0.26164336414290135,1046.5734565714918,8400,2.1,0.0,0.0,8664.382757340054,908.3932168378684,9103.853744813669,956.6147451303165
wikitection,1,rs,baseline,3,2338.092427605841,286.9919699724386,0.431793175708444,0.050068790201000045,0.5205789302083332,0.010660925886831533,0.48773500520833335,0.012990866246512897,0.5045902916666667,0.0123301664401868,0.10668503623105384,0.009550590483271731,0.08120813457345895,0.008451842399077699,0.09316666666666666,0.009018499505645783,0.001917047281252934,0.0,1.0842021724855044e-19,0.0,0.0,0.0,0.1108331122633758,0.026816315949085446,0.08504472216288697,0.023627210511553618,0.09716666666666667,0.025270206436302282,0.001917047281252934,0.0,1.0842021724855044e-19,0.0,0.0,0.0,448.22574336186517,68.85129404620348,0,0.0,0.0,0.0,0,0.0,0.0,0.0,,,1977782.3333333333,494.44558333333333,2.7758834442089344,11103.533776835793,200,0.0,2000,0.0,2000,0.0,0.05377347222222222,0.01107329909447261,0.005377347222222223,0.0011073299094472612,17138955093.333334,18918.613620805656,4.98402093257755,0.6040214139939459,0.09983333333333334,0.0002886751345948131,0.0,0.0,0.10383333333333333,0.020738450601077537,0.0,0.0,0.45367802206447555,0.051987818966944876,268798.3333333333,2.0816659994661326,2294318,573.5794999999999,0.11115051731775052,444.60206927093805,8400,2.1,0.0,0.0,8899.15994612892,1078.5533669536171,9352.369710423363,1147.9678798897544
wikitection,1,bt,baseline,3,3530.1562390186687,450.4259284171291,0.2862011442991281,0.03444601888304616,0.518744965625,0.002120202936449403,0.48407564999999997,0.0015212186250487911,0.50131125,0.002018675822940585,0.10455177641980087,0.01365207420914082,0.07934906257383695,0.012015035886396196,0.09116666666666667,0.012858201014657277,0.001917047281252934,0.0,1.0842021724855044e-19,0.0,0.0,0.0,0.10101959107297284,0.01258140555280229,0.07622736156920666,0.011086730347221256,0.08783333333333333,0.011856784274554945,0.001917047281252934,0.0,1.0842021724855044e-19,0.0,0.0,0.0,666.3100022204065,70.83530857359995,0,0.0,0.0,0.0,0,0.0,0.0,0.0,,,2827764.3333333335,706.9410833333333,9.56783142009377,38271.325680375034,200,0.0,2000,0.0,2000,0.0,0.05000527777777778,0.004114995408338657,0.005000527777777778,0.0004114995408338656,17138955093.333334,18918.613620805656,5.371518684163068,0.3494800235221597,0.09966666666666667,0.0005773502691896262,0.0,0.0,0.09716666666666667,0.007588368291888141,0.0,0.0,0.300545839642626,0.03645674009054169,403166.3333333333,17.95364401266031,3387943.6666666665,846.9859166666666,0.18230303297896505,729.212131915901,12600,3.15,0.0,0.0,13448.943435170106,1730.550548398791,14120.624956074675,1801.7037136685174
wikitection,1,samia,baseline,3,3211.9900982283575,31.331785293427536,0.31135310566151936,0.003020534143311853,0.536067303125,0.009336850478073054,0.5010559583333334,0.008218432292766354,0.5199921666666667,0.009323100430125648,0.12531468777890806,0.01692334616181491,0.09784408068833379,0.015207100321922976,0.11083333333333334,0.01609606577190008,0.01585639167653532,0.010847070906109375,0.00735309192938422,0.00668758207475521,0.010666666666666666,0.008779711460710616,0.14858492269886706,0.006163532029744232,0.11882219000557255,0.005603693258332931,0.133,0.005894913061275803,0.016146312472323985,0.010361119553671179,0.007395865451168468,0.006768165510632395,0.010833333333333334,0.008578072821638513,613.7804520602804,4.7231729469158,0,0.0,0.0,0.0,0,0.0,0.0,0.0,,,9600816.666666666,2400.204166666667,44.71661809686466,178866.47238745817,200,0.0,2000,0.0,2000,0.0,0.062477916666666695,0.004249783879308867,0.00624779166666667,0.00042497838793088653,23936024746.666668,34106.01573525312,2.6139890423122174,0.23181619952336144,0.1,0.0,0.01,0.0,0.12166666666666667,0.010103629710818452,0.009166666666666667,0.0034034296427770225,0.32704422361594077,0.003238510159934113,134400,0.0,11510460,2877.615,0.5740698999252033,2296.27959970035,42000,10.5,0.0,0.0,12231.565951810839,121.81082824047101,12847.960392913432,125.32714117371015
wikitection,1,draft_auxiliary_distilled,main,3,407.3407475515948,4.4999274051757885,2.455146187031331,0.027028546760358416,0.8822210916666667,0.01061837959751707,0.8617732791666667,0.011223538042589331,0.87226275,0.010594739272393646,0.13105179495163058,0.027084528420436804,0.10308588599551748,0.024356454610743785,0.11633333333333333,0.02576981438298175,0.009517235745601848,0.004258069807927404,0.003046029697984385,0.002389098226150422,0.005333333333333333,0.003329164059239696,0.6964371772249656,0.03567415848259402,0.6555534107671792,0.03681124068384047,0.6763333333333333,0.036312302782023256,0.17027282754004747,0.05537777520503294,0.13905376917857953,0.0512023753289352,0.154,0.05339241519167306,71.35986587106406,0.22092115565767112,2358686.3333333335,589.6715833333333,0.24304350605051459,972.1740242021144,4600,1.15,0.0,0.0,1629.3629902063792,17.999709620703154,0,0.0,0.0,0.0,200,0.0,2000,0.0,2000,0.0,0.45359583333333325,0.042812121336524914,0.04535958333333333,0.004281212133652492,21466929322.666668,34106.01573525312,150.05430950779314,1.3129210761863397,0.1,0.0,0.01,0.0,0.6401666666666667,0.026174096609688995,0.219,0.05491584470806218,2.8412863974821536,0.0341297297958106,4600,0.0,2358686.3333333335,589.6715833333333,0.24304350605051459,972.1740242021144,4600,1.15,0.0,0.0,1407.948814827522,16.95694149561904,1629.3629902063792,17.999709620703154
wikitection,1,draft_member_sft,main,3,406.6606025957735,4.505118312057776,2.4592551658054695,0.02736505815569783,0.80333255625,0.014353258752937883,0.7755669645833333,0.014226267510985179,0.7909164166666667,0.013643803120220298,0.11231983597492029,0.012510363400007501,0.0862195529919258,0.011087496715872436,0.0985,0.011821590417536883,0.008432197023035612,0.0037142631159359403,0.002467596832686046,0.0018448494129376723,0.0045000000000000005,0.002783882181415011,0.436519437220741,0.0407653503969481,0.393473766499499,0.04021072113487739,0.41483333333333333,0.04056579018499866,0.07197212607147084,0.009814952807775706,0.051045652806323394,0.00832529803458167,0.06066666666666667,0.009087537253477057,71.63236143032555,0.5957923419664855,2358686.3333333335,589.6715833333333,0.24304350605051459,972.1740242021144,4600,1.15,0.0,0.0,1626.642410383094,18.020473248231102,0,0.0,0.0,0.0,200,0.0,2000,0.0,2000,0.0,0.2516841666666667,0.03334842128322318,0.025168416666666672,0.0033348421283223187,21466929322.666668,34106.01573525312,150.8849689696605,0.7208687723069929,0.1,0.0,0.01,0.0,0.4195,0.03941129279787711,0.09366666666666666,0.012065791865158841,2.8490238100985366,0.03434146827290658,4600,0.0,2358686.3333333335,589.6715833333333,0.24304350605051459,972.1740242021144,4600,1.15,0.0,0.0,1404.125079983108,16.850946117388425,1626.642410383094,18.020473248231102
wikitection,3,loss,baseline,3,72.6832380895891,1.25449790675941,13.761060449654675,0.23727752549136708,0.7886467354166666,0.005597114653901553,0.7628557499999999,0.004941548477858285,0.7766175833333333,0.004964311749460702,0.12393165645730922,0.00951574006923507,0.0965655574693493,0.008532742301467881,0.1095,0.009041570660012557,0.021467842884519146,0.0066244220471580574,0.010724387295869109,0.004726546402009009,0.015166666666666667,0.005686240703077326,0.4137375596401216,0.021060472903533148,0.37100921689020183,0.020648574526081046,0.39216666666666666,0.020894576648818063,0.06723898846976314,0.03240858517997627,0.04746143246870819,0.027535611349886104,0.0565,0.030029152502193596,13.652366491383873,0.27681899196160453,0,0.0,0.0,0.0,0,0.0,0.0,0.0,,,0,0.0,0.0,0.0,200,0.0,2000,0.0,2000,0.0,0.21866333333333335,0.010666309792207111,0.02186633333333334,0.0010666309792207109,17326039722.666668,34106.01573525312,0.07693660608492792,0.010557023001442439,0.1,0.0,0.01,0.0,0.37616666666666665,0.00860716755578358,0.03266666666666666,0.004645786621588785,14.443113071297851,0.24934846548295855,4200,0.0,2154196.3333333335,538.5490833333333,0.09445644940043744,377.8257976016637,4200,1.05,0.0,0.0,277.0036492608876,4.78286639424663,290.7329523583564,5.01799162703764
wikitection,3,min_k_prob,baseline,3,74.1898516943135,2.0674689006912064,13.485954286219082,0.37800387662333257,0.8386944833333333,0.00356624613395958,0.81575410625,0.0023393827855951958,0.8285661666666667,0.0029180681252043124,0.12569172358950625,0.005794893782293076,0.09813243351288144,0.005199132441841536,0.11116666666666666,0.005507570547286107,0.02108699479781534,0.005991838839905061,0.010439846747427086,0.004251951011644369,0.014833333333333334,0.005131601439446885,0.49407091170679907,0.015778042157973057,0.4503691372585239,0.015694560764180618,0.4721666666666667,0.015766525721709675,0.07565913491930251,0.036804795783161676,0.05467791894509587,0.031602293055416016,0.06433333333333333,0.03426854728950927,14.089466327684931,0.23710823553961105,0,0.0,0.0,0.0,0,0.0,0.0,0.0,,,0,0.0,0.0,0.0,200,0.0,2000,0.0,2000,0.0,0.2650666666666667,0.010689867086794553,0.02650666666666667,0.001068986708679455,17326039722.666668,34106.01573525312,0.0800158550652365,0.008735488525615084,0.1,0.0,0.01,0.0,0.44966666666666666,0.007686568371733477,0.035166666666666666,0.0060484157705413535,14.162685328745715,0.41065533315273084,4200,0.0,2154196.3333333335,538.5490833333333,0.09445644940043744,377.8257976016637,4200,1.05,0.0,0.0,282.5899245945038,8.154519338961936,296.759406777254,8.269875602764825
wikitection,3,min_k_pp,baseline,3,73.73261880942543,1.418992875798704,13.565905640802958,0.26400709508342796,0.95822314375,0.0024398592458521706,0.9448495770833334,0.0029143461735273374,0.9522001666666667,0.002891988981796681,0.12384889276779323,0.028426675549244138,0.0966483211588653,0.02533106918429014,0.1095,0.026930466018990462,0.019746980832932186,0.0035927543645467644,0.009451000489299831,0.0025057122740268314,0.013666666666666667,0.0030550504633038945,0.9155561330184794,0.04308642427777564,0.8902295041431225,0.048249868915427645,0.9036666666666667,0.045755691813514666,0.21929525741336486,0.057559051549707696,0.1845165254959702,0.05392474597729906,0.20133333333333334,0.05584875408935578,14.06406278667661,0.2486806822263743,0,0.0,0.0,0.0,0,0.0,0.0,0.0,,,0,0.0,0.0,0.0,200,0.0,2000,0.0,2000,0.0,0.5871274999999999,0.022803631837933363,0.05871275,0.002280363183793338,17326039722.666668,34106.01573525312,0.07552123981683205,0.006502753614424965,0.1,0.0,0.01,0.0,0.8958333333333334,0.015052685253247457,0.13433333333333333,0.011930353445448849,14.249211392515647,0.284165242073324,4200,0.0,2154196.3333333335,538.5490833333333,0.09445644940043744,377.8257976016637,4200,1.05,0.0,0.0,280.79089121120825,5.536036883297258,294.9304752377017,5.675971503194816
wikitection,3,recall,baseline,3,372.63163589517353,14.63244517954656,2.686407333945056,0.10667035994229908,0.9368197041666667,0.018379552896136703,0.9207875875,0.021547443658003745,0.9292405833333334,0.019404288173515517,0.13486106468909637,0.03394989364412279,0.10659589124465585,0.03057164806730711,0.12,0.03232259271778797,0.018961083442988993,0.010311397604234503,0.009238814926524279,0.006814980898755425,0.013166666666666667,0.008578072821638515,0.8408836617784358,0.0622434057011276,0.8082029518063226,0.06745569920846332,0.8251666666666666,0.064973712633136,0.1266089113359306,0.03719075210927997,0.09921141167189458,0.0335560068065041,0.11216666666666666,0.0354412659668547,71.25634323114839,2.7800625550481515,0,0.0,0.0,0.0,0,0.0,0.0,0.0,,,0,0.0,0.0,0.0,200,0.0,2000,0.0,2000,0.0,0.4654274999999999,0.07476657287016683,0.046542749999999994,0.007476657287016683,17369545728,30281032.44974213,0.0813206904179727,0.00929174052403742,0.1,0.0,0.01,0.0,0.7786666666666666,0.07689169872836296,0.097,0.08439342391442595,2.8214471469511615,0.11210463312127128,8400,0.0,13282392.666666666,3320.5981666666667,104.29055656234334,417162.22624937334,8400,2.1,0.0,0.0,1419.1888796591277,55.7591195132555,1490.5265435806941,58.52978071818624
wikitection,3,icp_mia,baseline,3,679.8269011921657,11.425544183621827,1.4712370634452805,0.02448904530578054,0.9585393229166667,0.008245140676223511,0.9440164395833334,0.00925317654627307,0.9514486666666667,0.009300276690552453,0.11514772873491418,0.040722548007850405,0.08904746363067147,0.03651987836880954,0.10133333333333333,0.03869539162915053,0.021186115438648134,0.01572258096255719,0.011006114741740122,0.011253431239645355,0.015166666666666667,0.013512340039139531,0.9389706339184081,0.008939628977298749,0.916386456561558,0.010310704099791741,0.9285,0.009643650760992963,0.43099629959539343,0.23401956064995072,0.3913449348206695,0.23202015178571697,0.411,0.2334646654207013,130.91568969745035,1.8742919804463,0,0.0,0.0,0.0,0,0.0,0.0,0.0,,,0,0.0,0.0,0.0,200,0.0,2000,0.0,2000,0.0,0.7565083333333331,0.062455401304317586,0.07565083333333332,0.00624554013043176,17408970581.333332,26333.595678018097,0.21404657365443805,0.05683021043143044,0.1,0.0,0.01,0.0,0.9256666666666666,0.025594595783745733,0.3978333333333333,0.13676744251953143,1.5457899902236216,0.026295130911407543,25200,0.0,23220569.333333332,5805.142333333333,17.63124175351371,70524.96701405349,25200,6.3,0.0,0.0,2588.177868497558,44.46310660902888,2719.3076047686627,45.70217673448731
wikitection,3,petal,baseline,3,80.48774174740538,1.3298003914867451,12.426500593964073,0.20413875771348233,0.75596975625,0.006273542309737768,0.7292969541666666,0.0058686680619490774,0.7431308333333333,0.0059469885568944275,0.13314350624678953,0.029538653696725446,0.10498650651123352,0.026721209149790325,0.11833333333333333,0.02818391976523729,0.01964844284183614,0.008946418510196731,0.009549538480395876,0.0063322047292418155,0.013666666666666666,0.007653975002136689,0.3900010687469671,0.03653523974810704,0.34783580900557526,0.0357230442579571,0.36866666666666664,0.03619852667351714,0.05656798214759317,0.03783402346783026,0.03883616837164906,0.03174865349398758,0.04683333333333333,0.0348580454606011,14.148942206442976,0.243806761667747,0,0.0,0.0,0.0,0,0.0,0.0,0.0,,,0,0.0,0.0,0.0,200,0.0,2000,0.0,2000,0.0,0.19119833333333333,0.009029915674209474,0.019119833333333332,0.0009029915674209467,17326039722.666668,34106.01573525312,28.060794271451112,0.4249524856529353,0.1,0.0,0.01,0.0,0.3385,0.0103319891598859,0.029333333333333333,0.0028431203515386643,14.301560847441987,0.23698097529563253,4600,0.0,2358686.3333333335,589.6715833333333,0.24304350605051459,972.1740242021144,4600,1.15,0.0,0.0,279.74123051172745,4.660203735872812,321.9509669896215,5.3192015659469805
wikitection,3,sead,baseline,3,77.47929184649063,1.2791278544162537,12.909006785185472,0.211913234469377,0.8064085270833333,0.0042145623771944335,0.7806461,0.004303165083015044,0.7946199166666666,0.0038433039199149113,0.12163420025241037,0.015413836225935776,0.09453798754580028,0.013827334454422465,0.10733333333333334,0.014648663192705785,0.020487327050158436,0.00658116058484404,0.010041431542365246,0.004637527232864826,0.014333333333333333,0.005619905100029123,0.44642899689487897,0.028717057959803664,0.40319317156216306,0.028307766435167383,0.4246666666666667,0.0285671723020206,0.07762797538907369,0.03736107380192618,0.056368715968626755,0.03212260698681742,0.06616666666666667,0.03480780563800788,14.89948898072665,0.24443011544012253,0,0.0,0.0,0.0,0,0.0,0.0,0.0,,,0,0.0,0.0,0.0,200,0.0,2000,0.0,2000,0.0,0.2480008333333334,0.012447696908799334,0.02480008333333334,0.0012447696908799337,17326039722.666668,34106.01573525312,0.08708723114492993,0.024113818997226526,0.1,0.0,0.01,0.0,0.4083333333333333,0.020617549159231627,0.04416666666666667,0.005484827557301446,13.56497406525511,0.2231414809721986,4200,0.0,2154196.3333333335,538.5490833333333,0.09445644940043744,377.8257976016637,4200,1.05,0.0,0.0,294.9305911740909,4.87924628441191,309.9171673859625,5.116511417665015
wikitection,3,ws,baseline,3,2257.0343496587693,159.87678177015718,0.44449316316733695,0.03036873303439349,0.5181728510416667,0.010548540213579973,0.48554323645833336,0.010922762872996499,0.503456875,0.010682245884673558,0.1017331684057421,0.03518412964461943,0.07717725582430197,0.0306770215860639,0.08866666666666667,0.03299368626469818,0.007209326144328698,0.009166495878670076,0.002692384758674212,0.004663347195547805,0.004,0.0069282032302755096,0.10002599355612712,0.03039763985281089,0.07555748749818778,0.026790366230159526,0.087,0.02864873470155357,0.008777853660226027,0.01188326522927405,0.003785411783360209,0.006556525536349794,0.005333333333333333,0.009237604307034013,419.16553777297185,18.744813909372194,0,0.0,0.0,0.0,0,0.0,0.0,0.0,,,1975974,493.9935,8.290248348963994,33160.99339585592,200,0.0,2000,0.0,2000,0.0,0.05084541666666668,0.006899730218155875,0.005084541666666668,0.0006899730218155876,17184930816,12806035.845377289,4.702683772464904,0.33935467731080093,0.1,0.0,0.0033333333333333335,0.005773502691896258,0.0955,0.012489995996796795,0.0033333333333333335,0.005773502691896258,0.46644421404434266,0.03242749666356295,268799.6666666667,0.5773502691896257,2293989,573.49725,0.26164336414290135,1046.5734565714918,8400,2.1,0.0,0.0,8604.26917708964,620.4821791861651,9028.137398635075,639.5071270806276
wikitection,3,rs,baseline,3,2258.959872639418,147.43539499023225,0.44390481985106145,0.02811921727235475,0.520756115625,0.00897075062626063,0.48699017395833333,0.010301204601756054,0.5044418749999999,0.008022638508659401,0.1129414508034453,0.02930845339237328,0.08692871543369245,0.02612207132491884,0.09916666666666667,0.027768387301630133,0.001917047281252934,0.0,1.0842021724855044e-19,0.0,0.0,0.0,0.11206689867403685,0.028667953737945114,0.08613979597523633,0.025600023222720356,0.09833333333333333,0.027186087128039105,0.001917047281252934,0.0,1.0842021724855044e-19,0.0,0.0,0.0,436.63857222228154,41.19589575060335,0,0.0,0.0,0.0,0,0.0,0.0,0.0,,,1959382,489.8455,8.568595614947647,34274.38245979058,200,0.0,2000,0.0,2000,0.0,0.05292833333333336,0.0059635193485754285,0.005292833333333336,0.0005963519348575431,17138955093.333334,18918.613620805656,5.54861301521305,1.5195384461121522,0.09983333333333334,0.0002886751345948131,0.0033333333333333335,0.005773502691896258,0.10133333333333333,0.006525590650150629,0.005999999999999999,0.010392304845413263,0.46668542254357265,0.02887683300348597,268800,0.0,2294318,573.5794999999999,0.11115051731775052,444.60206927093805,8400,2.1,0.0,0.0,8593.652305320176,547.2294194642843,9035.839490557672,589.7415799609283
wikitection,3,bt,baseline,3,3244.75855618791,73.83636755499751,0.3082944668524476,0.006929765710042953,0.5158090895833333,0.0027929320500321947,0.48129900520833335,0.004462158969921938,0.49824958333333336,0.0030899615423712716,0.11349238788017219,0.026319207122439885,0.0873758613096843,0.023528350592264217,0.09966666666666667,0.024971650592888993,0.001917047281252934,0.0,1.0842021724855044e-19,0.0,0.0,0.0,0.11353172761627667,0.018638691617123095,0.08733652157357982,0.01663946320195346,0.09966666666666667,0.01767295485574875,0.001917047281252934,0.0,1.0842021724855044e-19,0.0,0.0,0.0,617.7222335630019,6.461897874450802,0,0.0,0.0,0.0,0,0.0,0.0,0.0,,,2757219,689.30475,24.70711793567798,98828.47174271187,200,0.0,2000,0.0,2000,0.0,0.05126458333333334,0.005695300877331537,0.005126458333333334,0.0005695300877331539,17138955093.333334,18918.613620805656,5.110649545288955,0.166196517032654,0.1,0.0,0.0,0.0,0.10216666666666667,0.007505553499465135,0.0,0.0,0.32384075138540547,0.00748085721587827,403122.6666666667,60.011110082495,3387726,846.9315,0.15142077136244492,605.6830854498085,12600,3.15,0.0,0.0,12356.201341643347,289.04626295219424,12979.034224751638,295.3454702199894
wikitection,3,samia,baseline,3,3206.7735476569987,40.815747632483294,0.3118734009138961,0.003946023214819895,0.5822459760416666,0.004029233984028496,0.5481732010416667,0.004794210800043885,0.5651995833333333,0.005269099375031636,0.11459474246414846,0.017040628723814285,0.08826967263114553,0.015213582436702544,0.10066666666666667,0.016158073317488482,0.01958110735711404,0.009574438673838753,0.009616873965117978,0.006280134752272919,0.013666666666666666,0.00794250170496257,0.1735910891366003,0.011245919566468886,0.1417240052983392,0.010368971929606523,0.157,0.010828203913853867,0.021675846725728493,0.00555977235964385,0.010849077772232683,0.003873849078265495,0.015333333333333334,0.004725815626252608,610.3256019979793,7.309054347551302,0,0.0,0.0,0.0,0,0.0,0.0,0.0,,,9945567,2486.39175,28.857407148122174,115429.6285924892,200,0.0,2000,0.0,2000,0.0,0.0821920833333333,0.0028669368816444823,0.008219208333333332,0.0002866936881644478,23936060245.333332,61485.494267618385,2.4602768945818148,0.05587127819482624,0.1,0.0,0.01,0.0,0.16066666666666668,0.007751343969488997,0.010833333333333334,0.005346338310781814,0.32752018331180954,0.004158579495922877,134400,0.0,11510460,2877.615,0.5740698999252033,2296.27959970035,42000,10.5,0.0,0.0,12214.308311735434,156.00332075264956,12827.094190627997,163.26299052993286
wikitection,3,draft_auxiliary_distilled,main,3,424.6878995491813,12.43348889976897,2.3559976311586524,0.06800685059693734,0.9967390666666667,0.0006982270744629191,0.9942105083333334,0.0007435717324785576,0.9955986666666666,0.0006507691763086155,0.11123607181709315,0.019694841399327593,0.08530715124431544,0.017556527858867434,0.0975,0.01866145760652152,0.013556170167560819,0.007880534640232148,0.005660981627483729,0.004683103212734177,0.008666666666666666,0.006291528696058958,0.9968595724472342,0.0018330442986683377,0.9902444677916067,0.0034486423377099802,0.9945,0.002645751311064593,0.8983751970647446,0.05249964352614598,0.8711467594814094,0.05828899753821197,0.8855000000000001,0.05550000000000002,74.10723778104875,2.084558718887571,2358686.3333333335,589.6715833333333,0.24304350605051459,972.1740242021144,4600,1.15,0.0,0.0,1698.7515981967251,49.73395559907588,0,0.0,0.0,0.0,200,0.0,2000,0.0,2000,0.0,0.9579674999999996,0.005863620362029096,0.09579674999999997,0.0005863620362029083,21466929322.666668,34106.01573525312,158.18605491057193,4.937267811495779,0.1,0.0,0.01,0.0,0.9943333333333334,0.004752192476461061,0.9106666666666666,0.009517527690179496,2.729184702419615,0.07845931497791724,4600,0.0,2358686.3333333335,589.6715833333333,0.24304350605051459,972.1740242021144,4600,1.15,0.0,0.0,1466.4583055051044,42.7420532567089,1698.7515981967251,49.73395559907588
wikitection,3,draft_member_sft,main,3,418.75971472249756,9.989805088685234,2.3889164434990917,0.0573580105527319,0.9935794416666667,0.0005664266017493577,0.98978035,0.00039307559213570397,0.9918523333333333,0.0005322952853757973,0.11752997658796446,0.027464543519462224,0.09099024190606908,0.024464776705984088,0.1035,0.02601441907865713,0.011972834766564461,0.010623847909070864,0.00491545680546968,0.006663455933701492,0.007500000000000001,0.008660254037844388,0.9919379160568969,0.0046325800846550936,0.9825237401141731,0.007190970353149774,0.9881666666666666,0.005923118547972275,0.7406707279535637,0.14228501165484653,0.7034761860062788,0.15043104457912912,0.7225,0.14663816010847924,72.80978649361835,1.8448441068502996,2358686.3333333335,589.6715833333333,0.24304350605051459,972.1740242021144,4600,1.15,0.0,0.0,1675.0388588899903,39.959220354740935,0,0.0,0.0,0.0,200,0.0,2000,0.0,2000,0.0,0.9262616666666659,0.002046389096269552,0.09262616666666659,0.0002046389096269542,21466929322.666668,34106.01573525312,154.32718602595074,3.7665652910116116,0.1,0.0,0.01,0.0,0.9876666666666667,0.005008326400438909,0.8411666666666667,0.010692676621563636,2.7636709727347766,0.06623630541336886,4600,0.0,2358686.3333333335,589.6715833333333,0.24304350605051459,972.1740242021144,4600,1.15,0.0,0.0,1447.9018863704212,34.52502602417218,1675.0388588899903,39.959220354740935
